{
	"description": "Para generar un código gratuito visita https://playstr3am.netlify.app/Generador.html y comienza a ¡Disfrutar!.",
	"author": "ElSuacht",
	"homepage": "https://youtube.com/@ElSuacht",
	"title": "PlayStr3am",
	"synopsis": "PlayStr3am tu Entretenimiento sin Limites. Animes, IPTV, Peliculas y Mucho Mas en un Solo Lugar.",
	"version": "2.1",
	"file": "PlayStr3am.js",
	"m7Version": "7.0.0",
	"type": "ecmascript",
	"id": "PlayStr3am",
	"icon": "images/logo.png",
	"category": "Video",
	"apiversion": 2
}
